First Name,Last Name,Date Of Birth,Email
vaibhav-1,gole-1,11-02-2222,vaibhav.gole@gmail.com
akshay-1,gole-1,21-02-2021,akshay.gole@gmail.com
vaibhav-2,gole-2,11-02-2222,vaibhav.gole@gmail.com
akshay-2,gole-2,21-02-2021,akshay.gole@gmail.com
vaibhav-3,gole-3,11-02-2222,vaibhav.gole@gmail.com
akshay-3,gole-3,21-02-2021,akshay.gole@gmail.com
vaibhav-4,gole-4,11-02-2222,vaibhav.gole@gmail.com
akshay-4,gole-4,21-02-2021,akshay.gole@gmail.com
vaibhav-5,gole-5,11-02-2222,vaibhav.gole@gmail.com
akshay-5,gole-5,21-02-2021,akshay.gole@gmail.com

